                  epoch,         train/box_loss,         train/cls_loss,         train/dfl_loss,   metrics/precision(B),      metrics/recall(B),       metrics/mAP50(B),    metrics/mAP50-95(B),           val/box_loss,           val/cls_loss,           val/dfl_loss,                 lr/pg0,                 lr/pg1,                 lr/pg2
                      1,                 1.6041,                  2.452,                 1.5628,                0.75564,                0.17482,                0.32671,                0.16592,                 1.6597,                 2.8053,                 1.8619,             0.00065778,             0.00065778,             0.00065778
                      2,                 1.4905,                  1.826,                 1.4661,                 0.4131,                0.41457,                0.39496,                0.21748,                 1.5284,                 2.2022,                  1.527,              0.0010622,              0.0010622,              0.0010622
                      3,                 1.4688,                 1.7026,                 1.4443,                0.65168,                0.46357,                0.51078,                0.28835,                 1.4896,                 1.8758,                 1.4985,              0.0012026,              0.0012026,              0.0012026
                      4,                 1.3809,                 1.4961,                 1.3956,                0.73307,                0.62563,                0.71079,                0.42771,                 1.3313,                 1.4091,                 1.3556,               0.000812,               0.000812,               0.000812
                      5,                 1.3359,                 1.3835,                 1.3493,                0.74977,                0.72111,                0.79652,                0.49972,                  1.263,                  1.181,                 1.2882,               0.000416,               0.000416,               0.000416
