                  epoch,         train/box_loss,         train/cls_loss,         train/dfl_loss,   metrics/precision(B),      metrics/recall(B),       metrics/mAP50(B),    metrics/mAP50-95(B),           val/box_loss,           val/cls_loss,           val/dfl_loss,                 lr/pg0,                 lr/pg1,                 lr/pg2
                      1,                 1.6511,                 2.5711,                 1.5615,                0.57339,                0.21471,                0.27697,                0.13892,                 1.4423,                  2.905,                 1.5197,             0.00065333,             0.00065333,             0.00065333
                      2,                 1.5281,                 1.9914,                 1.4799,                0.42946,                0.40954,                0.37442,                0.18581,                 1.7339,                 2.4478,                 1.6968,              0.0010586,              0.0010586,              0.0010586
                      3,                 1.4804,                 1.7915,                 1.4509,                0.59252,                 0.4831,                0.53145,                0.29437,                  1.515,                 2.8222,                 1.5395,              0.0011999,              0.0011999,              0.0011999
                      4,                 1.4387,                 1.6532,                  1.417,                0.65926,                0.58851,                0.64744,                0.36752,                 1.3639,                 1.9562,                 1.3776,               0.000812,               0.000812,               0.000812
                      5,                  1.362,                 1.5063,                 1.3737,                0.74182,                 0.6163,                0.71659,                0.43938,                 1.2865,                 1.4134,                 1.3514,               0.000416,               0.000416,               0.000416
